mysql> use TEA25 Database 
changed   
CREATE TABLE N_RollCall (rollno INT, name VARCHAR(30));   
Query OK, 0 rows affected (0.03 sec)   
mysql> CREATE TABLE O_RollCall(rollno INT , name VARCHAR(30) ; Query OK, 
0 rows affected (0.02 sec)   
mysql> INSERT INTO N_RollCall VALUES   
(1,"OM"),(2,"SUYASH"),(3,"NAKUL"),(4,"SAGAR");   
Query OK, 4 rows affected (0.01 sec)   
Records: 4 Duplicates: 0 Warnings: 0   
mysql> INSERT INTO O_RollCall VALUES   
(2,"SUYASH"),(3,"NAKUL"),(5,"RAJ"),(6,"ROHIT");   
Query OK, 4 rows affected (0.01 sec)   
Records: 4 Duplicates: 0 Warnings: 0   
mysql> SELECT * FROM O_RollCall;   
+   
+   
| rollno | name   
+   
|   
+   
+   
+   
|        
|        
|        
|     
+   
2   | SUYASH |   
3   | NAKUL   |   
5   | RAJ        
|   
6     | ROHIT      |   
+   
+   
4 rows in set (0.01 sec)   
mysql> SELECT * FROM N_RollCall;   
+   
+   
| rollno | name   
+   
|   
|        
+   
1 | OM       
+   
|   
+   
|   
2 | SUYASH |   
|         
|   
+   
3 | NAKUL    |      
4 | SAGAR     |   
+   
+   
4 rows in set (0.00 sec)   
mysql> drop procedure if exists mycursor1; Query OK, 
0 rows affected, 1 warning (0.02 sec)   
mysql> delimiter //   
mysql> CREATE PROCEDURE mycursor1()   -> BEGIN   -> DECLARE done INT DEFAULT 0;   -> DECLARE c_rollno int;   -> DECLARE c_name char(20);   -> DECLARE c_studentN CURSOR for SELECT rollno,name FROM O_RollCall where 
rollno not in(select rollno from N_RollCall);   -> DECLARE CONTINUE HANDLER FOR NOT FOUND SET done = 1;   -> BEGIN   -> OPEN c_studentN;   -> read_loop:LOOP   -> FETCH c_studentN into c_rollno, c_name;   -> IF done = 1 THEN LEAVE read_loop;   -> END IF;   -> insert into N_RollCall(rollno,name) values(c_rollno, c_name);   
-> END LOOP;   -> CLOSE c_studentN;   -> END;   -> END;   -> //   
Query OK, 0 rows affected (0.02 sec) mysql>  
delimiter ;   
mysql> call mycursor1();  Query OK, 
0 rows affected (0.03 sec)   
mysql> SELECT* FROM N_RollCall;   
+   
+   
+   
| rollno   | name   |   
+   
+   
|      
+   
1   | OM       |   
|      
|     
|       
|       
|       
+   
2   |SUYASH|  
3     | NAKUL   |   
4 | SAGAR |   
5 | RAJ       
|   
6 | ROHIT  |   
+   
+   
6 rows in set (0.00 sec)   
mysql> SELECT* FROM O_RollCall   -> ;   
+   
+   
| rollno | name   
+   
+   
+   
|   
+   
|        
|   
|        
|   
+   
2 | SUYASH|   
3 | NAKUL |   
5 | RAJ      |   
6 | ROHIT |   
+   
+   
4 rows in set (0.00 sec) 